begin_time;end_time;Diferencia_tiempo;Low_freq;high _freq;Max_time;Energy;Max_entropy;Max_Freq;Max_Power;Min_Entropy;Peak_freq;Longiti;Pais
467.00;1.869;1.402;0.0;4666.2;551.00;116.9;4.117;0.0;108.4;1.008;0.0;241.00;costa_rica
35.155;36.673;1.518;"75.5
";3970.7;35.852;110.2;4.436;1636.5;97.6;1.126;1636.5;261.00;costa_rica
8.145;8.960;815.00;252.5;3029.8;8.458;108.8;4.235;1722.7;99.3;1.214;1722.7;140.00;ecuador
14.525;15.505;980.00;202.3;2933.3;14.971;110.3;4.408;1550.4;99.4;1.223;1550.4;169.00;costa_rica
36.313;38.084;1.771;696.8;3135.8;36.618;118.2;4.392;1464.3;106.2;1.225;1464.3;305.00;ecuador
7.009;7.609;600.00;0.0;3198.1;7.239;110.8;4.421;1550.4;101.9;1.239;1550.4;103.00;ecuador
30.999;32.770;1.771;547.5;2837.1;32.763;111.9;4.302;1808.8;99.9;1.241;1808.8;306.00;ecuador
11.965;12.767;802.00;907.4;2994.4;11.976;112.6;3.253;1636.5;102.3;1.243;1636.5;138.00;ecuador
3.686;4.540;854.00;272.2;2177.8;3.762;112.7;3.767;1550.4;100.3;1.244;1550.4;148.00;ecuador
6.276;6.917;641.00;998.1;2540.7;6.281;108.3;2.847;1550.4;97.8;1.250;1550.4;110.00;ecuador
10.243;10.876;633.00;878.1;4292.9;10.379;114.1;4.349;1722.7;104.7;1.250;1722.7;109.00;ecuador
3.387;5.139;1.752;274.5;4574.7;3.593;114.3;4.236;1636.5;99.6;1.253;1636.5;302.00;costa_rica
17.286;19.271;1.985;457.5;3202.3;18.332;117.9;4.329;1722.7;104.5;1.253;1722.7;342.00;costa_rica
19.00;16.3;43.521;578.00;3085.2;16.7;107.2;3.435;1662.00;98.0;1.253;1550.4;46.00;costa_rica
15.464;15.731;267.00;544.4;3085.2;15.505;107.2;3.435;1550.4;98.0;1.253;1550.4;46.00;ecuador
15.464;15.731;267.00;544.4;3085.2;15.505;107.2;3.435;1550.4;98.0;1.253;1550.4;46.00;ecuador
15.464;15.731;267.00;544.4;3085.2;15.505;107.2;3.435;1550.4;98.0;1.253;1550.4;46.00;ecuador
11.00;13.00;2.00;858.00;3202.3;18.332;117.9;4.329;1722.7;104.5;1.253;1722.7;87.00;ecuador
17.286;19.271;1.985;457.5;3202.3;18.332;117.9;4.329;1722.7;104.5;1.253;1722.7;342.00;ecuador
2.979;4.509;1.530;1194.6;3135.8;3.088;115.4;4.159;1378.1;104.7;1.255;1378.1;263.00;ecuador
8.786;9.347;561.00;103.0;2884.1;8.848;112.1;3.905;1593.8;101.1;1.258;1593.8;105.00;costa_rica
11.146;12.389;1.243;420.8;3113.9;11.250;115.7;4.292;1378.1;105.3;1.258;1378.1;214.00;ecuador
16.575;17.260;685.00;424.00;3011.4;16.667;112.9;4.093;1593.8;103.5;1.260;1593.8;129.00;costa_rica
10.069;10.603;534.00;453.7;3085.2;10.461;106.7;3.781;1550.4;94.2;1.262;1550.4;92.00;ecuador
20.908;21.661;753.00;578.4;4193.1;21.200;111.9;4.221;1550.4;103.1;1.266;1550.4;130.00;ecuador
12.924;13.436;512.00;97.6;3414.8;12.957;107.6;4.744;1722.7;99.2;1.266;1722.7;88.00;ecuador
10.032;10.876;844.00;433.8;5494.4;10.379;114.2;4.655;1722.7;104.7;1.267;1722.7;145.00;ecuador
1.127;1.932;805.00;846.2;3384.7;1.428;112.0;4.568;1378.1;100.0;1.271;1378.1;138.00;ecuador
1.629;2.551;922.00;830.7;3322.6;2.067;112.5;4.077;1550.4;100.4;1.273;1550.4;159.00;ecuador
3.044;3.901;857.00;604.1;3624.7;3.582;111.1;4.110;1722.7;99.2;1.273;1722.7;148.00;ecuador
2.572;3.387;815.00;589.1;3450.6;3.088;108.4;4.060;1550.4;96.1;1.275;1550.4;140.00;ecuador
17.286;19.271;1.985;337.9;3801.7;18.332;118.4;4.689;1722.7;104.5;1.282;1722.7;342.00;costa_rica
10.870;12.158;1.288;1045.3;3135.8;11.047;118.0;4.155;1378.1;106.0;1.282;1378.1;222.00;ecuador
21.118;21.992;874.00;453.00;4292.9;21.200;112.2;4.645;1550.4;103.1;1.283;1550.4;151.00;ecuador
5.514;7.072;1.558;206.0;3193.1;5.717;115.1;4.525;1593.8;102.3;1.288;1593.8;293.00;costa_rica
13.835;14.583;748.00;363.0;2994.4;13.903;112.7;3.577;1636.5;101.3;1.291;1636.5;189.00;ecuador
11.296;11.961;665.00;830.7;3398.1;11.894;110.6;3.812;1464.3;98.4;1.293;1464.3;115.00;ecuador
10.410;11.238;828.00;467.2;3176.7;10.762;103.5;4.577;2239.5;91.6;1.297;2239.5;142.00;costa_rica
23.00;41.00;18.00;687.00;445.00;42.00;112.6;4.5;1744.00;103.00;1.3;1729.3;325.00;costa_rica
10.461;11.288;827.00;0.0;3855.7;10.762;104.3;4.931;2239.5;91.6;1.300;2239.5;142.00;ecuador
19.201;19.752;551.00;280.3;3363.6;19.313;99.9;4.334;1808.8;87.3;1.305;1808.8;95.00;costa_rica
20.673;21.841;1.168;732.0;3751.2;20.921;115.8;4.655;1722.7;101.6;1.308;1722.7;201.00;costa_rica
20.673;21.841;1.168;732.0;3751.2;20.921;115.8;4.655;1722.7;101.6;1.308;1722.7;201.00;ecuador
16.372;16.906;534.00;363.0;2994.4;16.393;110.1;4.033;1550.4;99.9;1.313;1550.4;92.00;costa_rica
16.372;16.906;534.00;363.0;2994.4;16.393;110.1;4.033;1550.4;99.9;1.313;1550.4;92.00;ecuador
16.372;16.906;534.00;363.0;2994.4;16.393;110.1;4.033;1550.4;99.9;1.313;1550.4;92.00;ecuador
16.372;16.906;534.00;363.0;2994.4;16.393;110.1;4.033;1550.4;99.9;1.313;1550.4;92.00;ecuador
16.372;16.906;534.00;363.0;2994.4;16.393;110.1;4.033;1550.4;99.9;1.313;1550.4;92.00;ecuador
18.438;20.048;1.610;945.7;3086.0;18.646;116.9;4.225;1464.3;105.8;1.316;1464.3;277.00;ecuador
9.324;10.246;922.00;589.1;3282.3;9.369;113.6;3.689;1722.7;102.5;1.316;1722.7;159.00;ecuador
1.736;3.098;1.362;448.2;4750.6;1.945;114.3;4.250;1636.5;102.4;1.325;1636.5;234.00;ecuador
7.074;7.781;707.00;453.1;3624.7;7.239;111.2;4.444;1550.4;101.9;1.326;1550.4;122.00;ecuador
1.650;2.294;644.00;336.6;3871.4;2.067;110.0;4.371;1550.4;100.4;1.326;1550.4;111.00;ecuador
16.319;17.708;1.389;543.00;3226.8;16.393;113.5;4.347;1550.4;99.9;1.327;1550.4;239.00;ecuador
32.871;35.756;2.885;743.3;3705.9;33.338;120.8;4.811;1722.7;105.0;1.331;1722.7;497.00;venezuela
6.223;7.131;908.00;179.3;4033.5;6.235;111.0;4.303;1550.4;101.3;1.333;1550.4;156.00;ecuador
7.959;8.867;908.00;635.2;3538.9;7.970;112.9;4.129;1636.5;102.3;1.338;1636.5;156.00;ecuador
4.094;4.801;707.00;673.3;4123.9;4.412;113.7;4.134;1378.1;101.9;1.343;1378.1;122.00;ecuador
3.926;4.674;748.00;268.9;4033.5;4.360;108.4;4.267;1550.4;97.5;1.344;1550.4;129.00;ecuador
22.786;24.557;1.771;746.6;3086.0;24.352;113.2;4.442;1464.3;100.9;1.352;1464.3;305.00;ecuador
6.424;8.760;2.336;844.8;3717.2;7.018;110.9;4.502;1722.7;97.5;1.354;1722.7;402.00;costa_rica
5.552;6.152;600.00;84.2;3450.6;5.700;108.5;4.469;1722.7;98.6;1.357;1722.7;103.00;ecuador
12.964;14.950;1.986;457.5;3568.3;13.050;117.2;4.367;1722.7;100.8;1.359;1722.7;342.00;costa_rica
6.778;7.411;633.00;195.1;3414.8;7.030;105.9;4.581;1636.5;99.6;1.360;1636.5;109.00;ecuador
8.896;9.560;664.00;755.1;3926.7;9.056;116.5;3.678;1378.1;104.5;1.361;1378.1;114.00;ecuador
2.030;2.804;774.00;272.2;3720.4;2.583;109.5;4.028;1550.4;98.5;1.367;1550.4;134.00;ecuador
12.134;12.652;518.00;187.7;3565.5;12.249;102.2;4.734;1636.5;92.2;1.367;1636.5;89.00;venezuela
13.761;14.876;1.115;84.2;3618.9;14.356;110.2;4.330;1464.3;96.6;1.368;1464.3;192.00;ecuador
17.327;18.167;840.00;101.1;3034.4;17.363;110.2;4.243;1550.4;95.8;1.369;1550.4;145.00;costa_rica
5.577;6.324;747.00;182.5;3832.7;5.717;113.6;4.448;1593.8;102.3;1.371;1593.8;140.00;costa_rica
5.577;6.324;747.00;182.5;3832.7;5.717;113.6;4.448;1593.8;102.3;1.371;1593.8;140.00;costa_rica
1.687;2.681;994.00;195.1;5268.6;2.078;111.4;4.859;1636.5;101.8;1.372;1636.5;171.00;ecuador
7.959;8.867;908.00;179.3;4212.8;7.970;112.9;4.391;1636.5;102.3;1.374;1636.5;156.00;ecuador
8.652;9.066;414.00;934.3;3270.1;8.742;108.2;3.652;1636.5;98.5;1.375;1636.5;71.00;costa_rica
1.868;2.651;783.00;289.2;6434.3;2.078;111.4;5.186;1636.5;101.8;1.376;1636.5;135.00;ecuador
18.618;19.281;663.00;195.1;3707.5;18.680;108.0;4.485;1550.4;100.5;1.378;1550.4;114.00;ecuador
8.630;9.315;685.00;547.5;3558.9;8.848;114.6;4.107;1593.8;101.1;1.379;1593.8;128.00;costa_rica
26.629;28.965;2.336;422.4;4139.7;27.980;115.1;4.796;1722.7;101.0;1.388;1722.7;402.00;costa_rica
27.213;28.498;1.285;183.0;3842.7;27.980;114.2;4.129;1722.7;101.0;1.391;1722.7;222.00;costa_rica
27.213;28.498;1.285;183.0;3842.7;27.980;114.2;4.129;1722.7;101.0;1.391;1722.7;222.00;costa_rica
18.669;20.165;1.496;673.00;4571.3;20.137;112.4;4.635;1722.7;99.5;1.394;1722.7;257.00;ecuador
4.180;4.887;707.00;906.2;3700.2;4.412;113.5;3.719;1378.1;101.9;1.394;1378.1;121.00;ecuador
4.180;4.887;707.00;906.2;3700.2;4.412;113.5;3.719;1378.1;101.9;1.394;1378.1;121.00;ecuador
747.00;2.195;1.448;606.9;3742.4;1.039;114.5;4.649;1636.5;100.5;1.401;1636.5;250.00;costa_rica
27.053;28.744;1.691;846.2;3086.0;27.852;113.2;4.278;1378.1;100.5;1.401;1378.1;291.00;ecuador
69.882;72.516;2.634;92.6;3427.9;72.121;114.0;4.747;1636.5;101.2;1.411;1636.5;454.00;venezuela
13.942;14.903;961.00;448.2;3854.3;13.955;110.8;3.976;1550.4;98.6;1.418;1550.4;166.00;ecuador
30.066;30.548;482.00;361.5;3687.0;30.157;109.3;4.246;1722.7;99.3;1.419;1722.7;83.00;ecuador
2.308;3.718;1.410;194.3;3302.6;2.461;107.1;4.651;1808.8;95.1;1.419;1808.8;243.00;venezuela
9.903;10.289;386.00;302.1;3473.6;9.944;106.4;3.771;1550.4;95.0;1.420;1550.4;67.00;ecuador
4.756;5.133;377.00;93.8;3565.5;4.830;104.1;4.683;1636.5;94.1;1.420;1636.5;65.00;venezuela
12.286;13.301;1.015;257.00;4392.1;12.649;107.5;4.441;1550.4;95.4;1.422;1550.4;175.00;ecuador
3.053;3.521;468.00;365.0;3741.4;3.168;110.7;4.435;1593.8;102.1;1.423;1593.8;88.00;costa_rica
9.962;10.817;855.00;621.00;4840.2;9.973;112.6;4.455;1636.5;101.3;1.427;1636.5;147.00;ecuador
17.314;20.199;2.885;185.3;3520.6;17.734;118.7;4.754;1550.4;101.4;1.430;1550.4;497.00;venezuela
11.527;12.244;717.00;432.00;3558.9;11.712;112.1;4.316;1593.8;99.8;1.431;1593.8;134.00;costa_rica
5.423;5.723;300.00;302.1;3926.7;5.700;106.8;4.178;1722.7;98.6;1.436;1722.7;51.00;ecuador
4.477;4.704;227.00;518.0;3107.7;4.621;95.2;3.739;1464.3;86.4;1.437;1464.3;57.00;costa_rica
4.477;4.704;227.00;518.0;3107.7;4.621;95.2;3.739;1464.3;86.4;1.437;1464.3;39.00;costa_rica
4.477;4.704;227.00;518.0;3107.7;4.621;95.2;3.739;1464.3;86.4;1.437;1464.3;63.00;venezuela
4.477;4.704;227.00;518.0;3107.7;4.621;95.2;3.739;1464.3;86.4;1.437;1464.3;67.00;venezuela
7.765;8.592;827.00;120.5;3735.2;7.935;107.3;4.851;1550.4;96.0;1.440;1550.4;143.00;ecuador
7.756;8.618;862.00;186.9;3924.2;7.935;107.4;4.843;1550.4;96.0;1.442;1550.4;148.00;costa_rica
7.166;8.696;1.530;547.5;3334.9;7.477;112.6;4.601;1464.3;100.6;1.445;1464.3;263.00;ecuador
5.795;6.423;628.00;97.6;3707.5;5.927;113.1;4.792;3531.4;98.9;1.449;3531.4;108.00;ecuador
5.978;8.504;2.526;242.00;3337.8;6.618;110.8;4.847;1550.4;99.0;1.458;1550.4;436.00;venezuela
13.957;14.892;935.00;365.0;5475.3;14.155;113.0;5.215;1593.8;100.0;1.461;1593.8;175.00;costa_rica
74.351;78.392;4.041;95.00;3135.6;76.730;111.8;4.634;1550.4;99.4;1.470;1550.4;696.00;venezuela
3.963;4.178;215.00;0.0;3551.7;4.063;93.7;4.072;1464.3;85.3;1.471;1464.3;37.00;costa_rica
10.555;11.582;1.027;765.00;3439.0;10.675;114.4;4.293;1636.5;101.9;1.479;1636.5;177.00;costa_rica
436.00;810.00;374.00;309.0;4635.2;757.00;113.6;4.926;1593.8;100.6;1.481;1593.8;70.00;costa_rica
23.943;25.928;1.985;732.0;4025.7;24.602;116.3;4.771;1722.7;103.3;1.482;1722.7;342.00;costa_rica
23.943;25.928;1.985;732.0;4025.7;24.602;116.3;4.771;1722.7;103.3;1.482;1722.7;342.00;venezuela
23.476;24.994;1.518;422.4;3801.7;24.602;117.6;4.449;1722.7;103.3;1.483;1722.7;261.00;costa_rica
33.00;1.433;1.400;0.0;5292.8;757.00;114.5;5.084;1593.8;100.6;1.484;1593.8;210.00;costa_rica
1.438;2.804;1.366;602.5;5060.7;1.927;115.9;4.439;1636.5;101.7;1.489;1636.5;236.00;ecuador
37.440;38.979;1.539;194.3;3691.2;37.732;109.8;4.761;1550.4;96.9;1.490;1550.4;265.00;venezuela
3.736;5.060;1.324;204.2;5512.5;4.168;123.2;5.353;3273.0;109.7;1.503;3273.0;228.00;costa_rica
3.736;5.060;1.324;204.2;5512.5;4.168;123.2;5.353;3273.0;109.7;1.503;3273.0;228.00;costa_rica
6.796;7.501;705.00;643.00;3302.6;7.036;106.5;4.714;1808.8;95.8;1.504;1808.8;122.00;venezuela
2.853;3.176;323.00;665.9;4957.6;3.007;94.5;4.559;3186.9;83.8;1.507;3186.9;56.00;costa_rica
10.161;12.263;2.102;457.5;3751.2;10.339;108.9;4.736;1636.5;95.4;1.515;1636.5;362.00;costa_rica
10.161;12.263;2.102;457.5;3751.2;10.339;108.9;4.736;1636.5;95.4;1.515;1636.5;362.00;costa_rica
10.044;11.796;1.752;675.9;3717.2;10.130;109.9;4.655;1722.7;95.6;1.515;1722.7;302.00;costa_rica
7.008;8.876;1.868;549.0;3842.7;7.018;109.8;4.637;1722.7;97.5;1.524;1722.7;322.00;costa_rica
7.008;8.876;1.868;549.0;3842.7;7.018;109.8;4.637;1722.7;97.5;1.524;1722.7;322.00;costa_rica
6.584;7.170;586.00;467.2;3924.2;6.751;105.4;4.569;1550.4;94.8;1.525;1550.4;101.00;costa_rica
6.651;7.334;683.00;241.0;4096.7;6.751;105.4;4.764;1550.4;94.8;1.526;1550.4;118.00;ecuador
3.422;3.595;173.00;469.1;3002.6;3.448;94.9;4.319;1636.5;85.9;1.528;1636.5;30.00;venezuela
27.097;27.664;567.00;306.2;4491.7;27.365;118.7;5.271;3273.0;107.8;1.532;3273.0;98.00;costa_rica
27.097;27.664;567.00;306.2;4491.7;27.365;118.7;5.271;3273.0;107.8;1.532;3273.0;98.00;costa_rica
27.097;27.664;567.00;306.2;4491.7;27.365;118.7;5.271;3273.0;107.8;1.532;3273.0;98.00;costa_rica
27.097;27.664;567.00;306.2;4491.7;27.365;118.7;5.271;3273.0;107.8;1.532;3273.0;98.00;costa_rica
40.479;41.141;662.00;816.7;4389.6;40.739;120.5;4.797;3359.2;108.5;1.540;3359.2;114.00;costa_rica
24.214;27.727;3.513;567.00;3520.6;27.690;119.1;4.628;1550.4;101.6;1.542;1550.4;605.00;venezuela
3.971;5.723;1.752;760.3;3632.8;3.982;108.7;4.573;1636.5;94.9;1.555;1636.5;301.00;costa_rica
312.00;1.433;1.121;638.8;3558.9;19.205;112.1;4.222;1875.0;98.9;1.564;1875.0;152.00;costa_rica
818.00;1.869;1.051;422.4;3717.2;1.254;104.4;4.089;1636.5;93.2;1.565;1636.5;181.00;costa_rica
1.689;2.689;1.000;280.3;4578.2;1.927;115.7;4.068;1636.5;101.7;1.575;1636.5;173.00;costa_rica
132.00;686.00;554.00;378.5;4069.3;192.00;113.0;4.858;1894.9;101.1;1.577;1894.9;96.00;costa_rica
20.545;22.061;1.516;533.00;3439.0;20.886;112.9;4.831;861.3;103.0;1.584;861.3;261.00;venezuela
2.053;2.280;227.00;739.9;4069.6;2.148;94.1;4.388;1550.4;82.5;1.592;1550.4;39.00;costa_rica
2.053;2.280;227.00;739.9;4069.6;2.148;94.1;4.388;1550.4;82.5;1.592;1550.4;79.00;costa_rica
12.371;13.004;633.00;662.4;3880.0;12.690;117.9;4.734;3876.0;105.0;1.594;3876.0;109.00;costa_rica
59.278;61.047;1.769;657.00;3540.1;60.128;116.7;4.850;1205.9;106.7;1.597;1205.9;305.00;venezuela
29.956;30.783;827.00;186.9;3924.2;30.244;106.8;4.690;1550.4;95.3;1.600;1550.4;142.00;costa_rica
15.706;16.834;1.128;388.2;3493.8;16.028;120.9;4.804;1550.4;107.4;1.610;1550.4;194.00;venezuela
5.556;6.441;885.00;995.5;3086.0;5.770;110.0;4.120;1378.1;100.6;1.617;1378.1;152.00;ecuador
25.772;27.311;1.539;754.00;3691.2;25.913;113.7;4.925;1808.8;101.6;1.622;1808.8;265.00;venezuela
5.181;5.492;311.00;148.0;3847.7;5.259;97.0;4.512;1464.3;85.7;1.625;1464.3;54.00;costa_rica
5.181;5.492;311.00;148.0;3847.7;5.259;97.0;4.512;1464.3;85.7;1.625;1464.3;73.00;ecuador
5.181;5.492;311.00;148.0;3847.7;5.259;97.0;4.512;1464.3;85.7;1.625;1464.3;42.00;venezuela
5.181;5.492;311.00;148.0;3847.7;5.259;97.0;4.512;1464.3;85.7;1.625;1464.3;46.00;venezuela
5.181;5.492;311.00;148.0;3847.7;5.259;97.0;4.512;1464.3;85.7;1.625;1464.3;100.00;venezuela
4.168;4.563;395.00;547.00;3312.2;4.238;109.6;4.317;3186.9;101.1;1.634;3186.9;69.00;costa_rica
8.957;9.501;544.00;506.9;5406.9;9.033;114.8;4.894;3531.4;104.5;1.651;3531.4;93.00;ecuador
12.323;13.409;1.086;193.4;6092.8;12.370;121.5;5.390;1464.3;106.2;1.652;1464.3;187.00;costa_rica
8.592;9.159;567.00;764.7;3707.5;9.056;108.8;4.887;1464.3;95.5;1.660;1464.3;97.00;ecuador
9.033;13.048;4.015;453.00;3335.3;12.788;120.3;4.828;1550.4;99.9;1.666;1550.4;691.00;venezuela
1.016;1.231;215.00;1098.3;5491.4;1.056;114.5;4.194;1464.3;104.3;1.669;1464.3;38.00;ecuador
7.465;7.860;395.00;678.00;3880.0;7.488;107.3;4.731;1464.3;100.1;1.673;1464.3;69.00;costa_rica
4.447;5.481;1.034;560.6;3924.2;4.986;117.7;4.499;1550.4;105.0;1.675;1550.4;178.00;costa_rica
9.107;9.808;701.00;353.00;3439.0;9.485;107.5;4.279;2928.5;95.8;1.683;2928.5;121.00;costa_rica
4.422;4.889;467.00;0.0;5060.7;4.499;106.4;4.820;1550.4;95.6;1.685;1550.4;81.00;ecuador
70.477;72.498;2.021;97.00;3944.7;71.454;113.0;4.909;1636.5;99.8;1.697;1636.5;348.00;venezuela
7.376;7.903;527.00;97.6;3902.7;7.378;106.3;4.879;1464.3;96.5;1.700;1464.3;91.00;ecuador
13.840;14.488;648.00;632.00;4390.5;13.990;114.7;5.083;3273.0;101.1;1.701;3273.0;111.00;ecuador
15.831;16.959;1.128;483.6;5609.2;16.028;121.5;5.283;1550.4;107.4;1.704;1550.4;194.00;costa_rica
11.680;13.099;1.419;612.5;5206.2;12.219;125.4;5.158;3359.2;110.8;1.728;3359.2;244.00;costa_rica
7.644;8.013;369.00;675.9;4731.0;7.668;107.5;4.452;1550.4;95.7;1.728;1550.4;64.00;ecuador
10.010;10.902;892.00;292.7;4292.9;10.542;111.1;5.065;3186.9;97.1;1.738;3186.9;153.00;ecuador
63.609;66.243;2.634;277.9;3798.5;65.167;114.6;4.834;1808.8;102.5;1.739;1808.8;454.00;venezuela
16.394;17.385;991.00;230.9;5425.9;16.562;116.6;4.819;3703.7;103.7;1.741;3703.7;170.00;venezuela
21.095;22.306;1.211;310.6;4037.3;21.328;118.7;4.951;3014.6;105.4;1.750;3014.6;209.00;venezuela
24.00;22.390;22.367;543.00;5609.2;21.328;118.8;5.477;3014.6;105.4;1.760;3014.6;232.00;costa_rica
21.095;22.390;1.295;456.00;5609.2;21.328;118.8;5.477;3014.6;105.4;1.760;3014.6;223.00;costa_rica
3.634;4.845;1.211;0.0;4580.8;3.994;120.4;5.077;3014.6;104.8;1.760;3014.6;208.00;venezuela
40.273;42.657;2.384;456.00;3613.2;41.233;115.8;4.817;1464.3;100.8;1.761;1464.3;411.00;venezuela
9.733;10.568;835.00;388.2;4503.2;9.793;121.9;5.077;1464.3;106.7;1.765;1464.3;144.00;venezuela
24.019;25.355;1.336;568.00;4255.3;24.584;117.9;5.168;1550.4;104.7;1.766;1550.4;246.00;costa_rica
24.019;25.355;1.336;327.00;4255.3;24.584;117.9;5.168;1550.4;104.7;1.766;1550.4;230.00;costa_rica
53.553;55.237;1.684;678.00;3843.6;54.422;113.1;4.851;1550.4;101.0;1.766;1550.4;290.00;venezuela
8.437;9.236;799.00;692.7;6234.0;8.586;116.8;4.651;1550.4;104.0;1.768;1550.4;137.00;venezuela
4.794;5.848;1.054;1039.0;5195.0;5.039;112.8;4.891;1722.7;97.8;1.771;1722.7;182.00;venezuela
1.055;1.635;580.00;189.3;4258.6;1.277;111.0;5.023;3186.9;100.8;1.773;3186.9;100.00;costa_rica
9.153;10.050;897.00;479.00;3785.4;9.433;115.4;5.042;3359.2;102.9;1.783;3359.2;155.00;costa_rica
263.00;657.00;394.00;425.00;4217.6;406.00;95.5;4.704;1550.4;82.7;1.783;1550.4;68.00;costa_rica
6.725;7.853;1.128;232.9;4580.8;6.850;122.0;5.140;3359.2;107.0;1.785;3359.2;194.00;venezuela
26.103;26.529;426.00;918.8;4900.0;26.291;122.8;4.828;3186.9;109.3;1.794;3186.9;74.00;costa_rica
3.176;3.876;700.00;101.1;3843.6;3.222;111.5;4.207;1464.3;100.6;1.810;1464.3;120.00;costa_rica
10.322;11.153;831.00;987.00;6003.1;10.437;118.5;5.089;1722.7;106.0;1.825;1722.7;143.00;venezuela
9.733; 10.693 ;960.00;677.0;6092.8;9.793;122.2;5.194;1464.3;106.7;1.826;1464.3;166.00;costa_rica
75.778;80.295;4.517;853.00;3242.6;77.880;116.8;4.725;1550.4;101.4;1.827;1550.4;778.00;venezuela
21.375;22.226;851.00;510.4;5308.3;21.467;123.6;5.290;3100.8;110.5;1.833;3100.8;146.00;costa_rica
12.797;13.637;840.00;456.00;3439.0;13.015;113.3;4.712;1550.4;101.4;1.833;1550.4;145.00;costa_rica
13.802;14.300;498.00;2781.1;6798.3;14.293;101.5;4.845;3281.2;87.1;1.847;3281.2;94.00;costa_rica
12.531;13.116;585.00;232.9;4347.9;12.556;116.9;4.946;3100.8;106.0;1.849;3100.8;101.00;venezuela
7.799;8.500;701.00;563.00;3944.7;7.819;112.7;4.658;1636.5;99.1;1.851;1636.5;121.00;costa_rica
2.756;3.121;365.00;292.7;4000.2;2.891;102.6;4.958;1722.7;95.4;1.853;1722.7;63.00;ecuador
851.00;1.824;973.00;443.3;4488.1;1.486;106.6;5.188;1550.4;92.2;1.859;1550.4;168.00;ecuador
12.904;13.290;386.00;168.3;3703.1;12.904;96.6;4.321;1550.4;91.5;1.861;1550.4;67.00;ecuador
14.704;15.315;611.00;120.5;4699.2;14.861;104.5;4.819;1550.4;93.6;1.862;1550.4;106.00;ecuador
13.294;13.690;396.00;757.1;3217.6;13.357;108.9;3.857;1464.3;98.0;1.864;1464.3;68.00;costa_rica
64.162;65.509;1.347;689.00;4450.5;65.393;110.4;5.053;3703.7;99.9;1.865;3703.7;232.00;venezuela
6.715;7.803;1.088;306.2;5206.2;7.140;123.1;5.359;1722.7;111.2;1.876;1722.7;188.00;costa_rica
1.630;2.748;1.118;346.3;4848.7;2.229;108.8;4.799;3186.9;93.8;1.916;3186.9;193.00;venezuela
16.788;17.733;945.00;714.6;5206.2;16.858;123.4;5.140;3186.9;109.6;1.921;3186.9;163.00;costa_rica
6.621;7.122;501.00;675.00;4069.3;6.838;117.0;4.476;3876.0;102.6;1.923;3876.0;86.00;costa_rica
18.505;19.131;626.00;274.5;5319.1;18.918;116.8;5.101;3100.8;103.9;1.924;3100.8;108.00;costa_rica
863.00;1.319;456.00;854.00;3659.4;888.00;102.3;4.707;3273.0;90.6;1.925;3273.0;79.00;venezuela
19.810;20.323;513.00;97.1;3691.2;19.865;108.8;4.743;1808.8;96.4;1.931;1808.8;88.00;venezuela
30.717;33.754;3.037;183.0;4757.7;31.597;118.5;3.814;1722.7;107.1;1.933;1722.7;523.00;costa_rica
30.717;33.754;3.037;183.0;4757.7;31.597;118.5;3.814;1722.7;107.1;1.933;1722.7;523.00;costa_rica
334.00;1.462;1.128;310.6;5046.7;580.00;118.5;5.273;1550.4;104.0;1.934;1550.4;194.00;venezuela
13.912;15.771;1.859;644.00;3885.5;15.650;113.8;4.887;1808.8;99.6;1.948;1808.8;320.00;venezuela
1.230;2.648;1.418;1429.2;6839.6;1.649;122.2;5.278;3273.0;109.7;1.969;3273.0;245.00;costa_rica
1.230;2.648;1.418;1429.2;6839.6;1.649;122.2;5.278;3273.0;109.7;1.969;3273.0;245.00;costa_rica
16.299;16.720;421.00;505.7;3337.8;16.353;109.2;4.259;1550.4;96.6;1.982;1550.4;73.00;costa_rica
6.731;7.347;616.00;337.9;5237.9;6.769;113.5;4.588;1636.5;101.4;1.982;1636.5;106.00;ecuador
2.527;2.936;409.00;656.8;4128.5;2.601;103.5;4.774;1636.5;94.3;1.983;1636.5;70.00;venezuela
4.751;5.171;420.00;591.4;3970.7;4.824;112.8;4.523;1464.3;102.8;1.998;1464.3;72.00;ecuador
4.00;2.00;3.00;456.00;5415.8;580.00;118.5;5.387;1550.4;104.0;1.999;1550.4;216.00;costa_rica
12.00;31.00;19.00;456.00;5415.8;580.00;118.5;5.387;1550.4;104.0;1.999;1550.4;642.00;costa_rica
3.611;4.154;543.00;230.9;4156.0;3.616;111.4;4.777;1550.4;100.1;2.003;1550.4;93.00;venezuela
33.529;34.491;962.00;574.00;3302.6;33.530;107.8;4.660;1550.4;99.3;2.021;1550.4;166.00;venezuela
6.600;8.271;1.671;274.5;5415.8;6.850;122.1;5.188;3359.2;107.0;2.024;3359.2;288.00;costa_rica
6.761;7.321;560.00;182.5;3285.2;7.051;103.5;4.571;1500.0;92.1;2.030;1500.0;105.00;costa_rica
15.642;16.116;474.00;0.0;4353.2;15.824;114.4;4.642;3789.8;102.6;2.035;3789.8;82.00;costa_rica
3.759;4.929;1.170;483.6;5705.9;3.994;120.3;5.260;3014.6;104.8;2.052;3014.6;202.00;costa_rica
3.262;3.728;466.00;195.1;3707.5;3.367;108.0;4.863;1636.5;96.0;2.055;1636.5;81.00;ecuador
2.760;3.171;411.00;1098.3;5237.9;2.879;115.5;4.615;1550.4;104.4;2.066;1550.4;71.00;ecuador
42.00;3.171;3.129;1098.3;5237.9;2.879;115.5;4.615;1550.4;104.4;2.066;1550.4;71.00;ecuador
3.00;3.171;3.168;1093.0;5237.9;2.879;115.5;4.615;1550.4;104.4;2.066;1550.4;71.00;ecuador
3.429;3.930;501.00;45.00;4637.1;3.489;116.2;4.970;3617.6;103.1;2.072;3617.6;87.00;costa_rica
11.147;11.689;542.00;780.5;3317.3;11.157;100.1;4.325;1378.1;93.5;2.079;1378.1;;ecuador
11.147;11.689;542.00;780.5;3317.3;11.157;100.1;4.325;1378.1;93.5;2.079;1378.1;93.00;ecuador
11.147;11.689;542.00;780.5;3317.3;11.157;100.1;4.325;1378.1;93.5;2.079;1378.1;53.00;ecuador
5.249;5.932;683.00;0.0;4217.2;5.445;105.0;4.451;3014.6;93.5;2.105;3014.6;117.00;ecuador
6.807;7.830;1.023;578.00;4271.5;7.320;110.9;4.914;1550.4;96.0;2.142;1550.4;176.00;venezuela
8.844;9.275;431.00;120.5;3614.8;8.945;101.6;4.070;3186.9;89.9;2.157;3186.9;74.00;ecuador
24.478;24.938;460.00;467.00;3882.0;24.584;115.1;4.912;1550.4;104.7;2.161;1550.4;79.00;venezuela
26.647;27.302;655.00;560.6;4111.0;26.651;105.5;4.464;1636.5;95.7;2.172;1636.5;113.00;costa_rica
3.115;4.715;1.600;202.3;3742.4;3.117;105.5;4.804;1464.3;92.7;2.176;1464.3;276.00;venezuela
1.010;2.358;1.348;202.3;3540.1;1.440;105.4;4.742;3100.8;91.5;2.213;3100.8;232.00;venezuela
5.324;5.978;654.00;606.9;3641.3;5.335;109.6;4.384;1464.3;96.2;2.218;1464.3;112.00;costa_rica
22.855;23.441;586.00;280.3;3830.7;22.935;106.9;4.494;1550.4;94.8;2.229;1550.4;101.00;costa_rica
18.839;19.883;1.044;310.6;3804.4;18.918;113.7;4.914;3100.8;103.9;2.242;3100.8;180.00;venezuela
4.012;4.438;426.00;292.7;4292.9;4.296;105.8;4.962;1808.8;94.2;2.280;1808.8;73.00;ecuador
34.764;35.231;467.00;0.0;3735.2;34.766;103.7;4.248;3014.6;92.8;2.289;3014.6;81.00;ecuador
18.599;19.622;1.023;535.2;5656.8;18.640;116.6;4.933;1550.4;104.7;2.291;1550.4;177.00;venezuela
44.627;45.974;1.347;523.00;4045.9;44.669;112.6;4.998;1464.3;99.3;2.291;1464.3;232.00;venezuela
9.907;10.406;499.00;273.8;3832.7;10.064;103.8;4.625;1593.8;91.7;2.303;1593.8;94.00;costa_rica
35.770;36.166;396.00;0.0;4699.2;35.927;97.1;4.279;3273.0;85.1;2.322;3273.0;68.00;ecuador
12.209;13.388;1.179;534.00;3337.8;12.434;102.8;4.736;3014.6;87.5;2.339;3014.6;203.00;venezuela
5.874;5.993;119.00;370.0;3699.7;5.898;90.7;4.308;2928.5;81.4;2.363;2928.5;21.00;costa_rica
5.874;5.993;119.00;370.0;3699.7;5.898;90.7;4.308;2928.5;81.4;2.363;2928.5;21.00;costa_rica
14.029;14.956;927.00;346.3;5079.6;14.106;114.0;4.926;1464.3;100.1;2.364;1464.3;160.00;venezuela
12.336;13.326;990.00;876.00;5310.5;12.643;112.5;5.070;3186.9;96.6;2.424;3186.9;171.00;venezuela
1.129;4.391;3.262;185.3;3520.6;2.345;122.6;4.829;1722.7;103.9;2.428;1722.7;562.00;venezuela
18.739;18.919;180.00;361.5;3759.3;18.779;95.7;4.218;1550.4;85.6;2.451;1550.4;31.00;ecuador
19.377;20.024;647.00;120.5;3253.3;19.383;95.7;4.474;1722.7;82.5;2.453;1722.7;111.00;ecuador
39.491;40.838;1.347;532.00;3843.6;39.892;113.7;4.937;1292.0;100.4;2.478;1292.0;232.00;venezuela
7.050;7.291;241.00;361.5;3542.5;7.053;97.7;4.504;1636.5;87.6;2.563;1636.5;41.00;ecuador
10.001;10.437;436.00;2163.1;6283.3;10.080;100.7;5.034;3093.8;82.7;2.640;3093.8;81.00;costa_rica
5.208;5.796;588.00;0.0;3226.8;5.230;94.0;4.401;1550.4;77.7;2.703;1550.4;101.00;ecuador
4.050;4.424;374.00;0.0;3650.2;4.059;99.3;4.712;1500.0;87.3;2.708;1500.0;70.00;costa_rica
14.857;15.237;380.00;560.6;3550.4;14.861;102.7;4.051;1550.4;93.6;2.726;1550.4;65.00;costa_rica
7.851;8.225;374.00;3399.1;6489.3;8.011;98.9;4.658;6000.0;81.7;3.192;6000.0;36.00;costa_rica
7.851;8.225;374.00;3399.1;6489.3;8.011;98.9;4.658;6000.0;81.7;3.192;6000.0;70.00;costa_rica
11.714;11.870;156.00;2369.1;6283.3;11.723;98.5;4.884;3093.8;89.0;3.286;3093.8;29.00;costa_rica
5.369;5.463;94.00;93.8;3284.0;5.381;88.3;4.327;1292.0;76.3;3.359;1292.0;17.00;venezuela
12.649;13.085;436.00;1957.1;6489.3;12.741;99.8;4.973;5812.5;84.2;3.637;5812.5;82.00;costa_rica
